MANZENT,mean
14101041004001,0.03271889452312825
14101051001001,0.07955514398734971
14101061001001,0.05591916527995305
14101061006003,0.06730979101511565
14101081002001,0.026931787375246485
14101081002039,0.04562295969356576
14101101003015,0.07747322475363325
14101052062191,0.0962750401182652
14101062013047,0.010659507639787258
14101072002006,0.04912148784392566
14101072045128,0.0756724984064008
14101072062183,0.09214717593869144
14101082002005,0.05975120280332496
14101112005019,0.04850262561262853
14101162061179,0.004570749550387439
14101162062189,0.048462292192582496
14101052062182,0.04878347650548016
14101062033089,0.028709640315809373
14101052062190,-0.0021098568445669535
14101042005020,0.042308385677650884
14101162062185,0.04935142066493755
14101062033090,0.01871118887154328
14101062911044,0.04214111047307859
14101072033091,0.03790279227705693
14101072002004,0.07845020490283795
14101162019060,0.007541035035873169
14101042029086,0.02019739906509748
14101062033087,0.03389215808923015
14101052062184,0.06854935338450259
14101112005021,0.1099768283260644
14101082032084,0.03332498431478239
14101042058167,0.06035798456713209
14101042029085,0.06573476219321751
14101162958177,0.062329219271156464
14101011001019,-0.004519041847821158
14101011001028,0.06939740844995694
14101011001034,0.04228239168262142
14101011001035,0.024532169643531106
14101011001037,0.04746118318685162
14101011001040,0.006457171237252873
14101011001042,0.027566613013690962
14101021001002,0.040869813218550044
14101021001006,0.04257769785728161
14101021001024,0.074702277189455
14101021001034,0.028886358614085606
14101021001059,0.04736955124354391
14101021001060,0.034709234899450624
14101021001079,0.020172649290162582
14101021001081,0.03124417642190835
14101021001091,0.06748565120522271
14101021001108,0.06454508347190005
14101021001112,0.070537652185682
14101031001002,0.021293839388599325
14101031001008,0.013307921051204668
14101031001013,-0.03639733790676869
14101031001014,-3.7821718053563925E-4
14101031001028,0.011336623262099223
14101031001047,-0.022880570450987032
14101041001003,0.07285824938858666
14101041001004,0.008981555078692263
14101041001006,-0.0026767156441896652
14101041001010,0.007958495027485617
14101041001022,0.030608175962261307
14101041002004,-0.02812266670999467
14101041002007,0.05981381911555357
14101041003002,0.03912897693634448
14101041003003,0.03735123488345609
14101041003005,0.0592882100011304
14101041003007,0.053710848493815924
14101041003008,0.04332647069156706
14101041003010,0.05164780797122313
14101041003014,0.04775984051523735
14101041003015,0.03335280901286852
14101041003021,-0.003822503097480521
14101041004008,0.01968108410212601
14101041004021,0.03718724080625034
14101041005010,0.06439789721322504
14101041005014,0.005259908537054052
14101041005015,-0.05847106842894853
14101041005018,0.05357104011652518
14101041005001,0.045907737192193154
14101041005033,0.05233571616377789
14101051001002,0.0921189479857645
14101051001061,0.03130441268928672
14101051001063,0.014458363925336185
14101051001067,0.06115056304733098
14101051002001,0.06831285552829239
14101051002045,0.04575258968968816
14101051002058,0.037725765133153816
14101051003001,0.03182756763545143
14101051003003,0.024709863575887673
14101051003019,-0.008476163537897754
14101051003041,0.02924309359340974
14101051004001,0.05455210594632782
14101051005005,0.03979783236733585
14101051005016,0.0520202493569974
14101051005041,0.07208210319946097
14101061001036,0.042141165888458815
14101061001039,0.07581172851293529
14101061001044,0.014359269873100475
14101061001045,0.03728427512839234
14101061001047,0.16190387010910504
14101061001052,0.039572770674414365
14101061001059,0.05169230119955198
14101061003030,0.03547905518166821
14101061004002,0.023885375082767776
14101061004009,0.027852864679216625
14101061004017,0.05289099065693443
14101061004024,0.029330126931496142
14101061004040,0.04031405423469538
14101061004043,0.024135954305939275
14101061005006,0.04726063360496155
14101061005012,0.018934087737981983
14101061006006,0.0347047341910992
14101071001008,0.041775634444179435
14101071001011,0.10547105181522021
14101071001015,0.1152653252600559
14101071001016,0.08736191559596089
14101071001023,0.05491151840861634
14101071001026,0.025842500824616508
14101071001043,0.05644484110431924
14101071001055,0.0860599943418076
14101071001063,0.022343549603335407
14101071002001,0.04490034892816658
14101071002057,0.024159966328251906
14101071003002,0.10230142613686755
14101071003027,0.04877584223754907
14101071003038,0.0286690079585181
14101071003040,0.022142808385307463
14101071004014,0.023413251534733646
14101071004026,0.038660896680357146
14101071005002,0.04270922399111734
14101071005007,0.005333509359665535
14101071005015,0.07301124274120749
14101071005018,0.034063704586477166
14101071005034,0.06704749674079977
14101071005035,0.04930485950580194
14101071005054,0.0741109550446062
14101071005064,-0.024037356589078615
14101071005067,0.06443905058348631
14101071005069,0.07875734467904309
14101071006007,0.01861528946237734
14101071006013,0.05299620618594932
14101081001004,0.085390894554157
14101081001015,0.034615720722539566
14101081001017,0.059900982734499224
14101081001019,0.08762484368135821
14101081001022,0.055848797873368314
14101081001036,0.05624424529726281
14101081001041,0.0998387976362236
14101081001046,0.03275132818922405
14101081001055,0.05403732362007812
14101081002003,0.02630932023846186
14101081002004,0.030685788236370963
14101081002005,0.015769532240287813
14101081002017,0.012452651578961088
14101081002021,0.015087736817673867
14101081002029,0.06451502409863735
14101081002030,-0.07183383998124704
14101081002035,0.05223873336144187
14101081003004,0.024121330536537387
14101081003037,0.046013447667479994
14101081003063,0.08459266839337448
14101081003080,0.05650843576150949
14101081003089,0.05080159478374032
14101081004004,0.0011840141738932535
14101081004040,0.0213574997028748
14101081005016,0.10824651236822677
14101081005029,0.07230637844237449
14101081005041,0.13011195983501125
14101081005047,0.058150134479869595
14101081006005,0.11236802812808677
14101081006034,0.028006410352082938
14101081006063,0.2817219105088817
14101081007002,0.029343861744118783
14101081007003,0.014140031936674492
14101081007005,0.02816370535485602
14101081007006,0.0220884787787914
14101081007007,0.016516548102144545
14101081007008,0.01915984268520177
14101081007009,0.021939457899280375
14101081007010,0.017220982996800156
14101081007011,0.017973055820678662
14101081007023,0.03372665993292601
14101081007026,0.01733260056511814
14101081007028,0.024961955159462392
14101081007031,0.04894758011291031
14101081008001,0.02936625261235044
14101081008018,0.10717635019888931
14101081008027,-0.005436535773757682
14101081008049,0.056237143225808646
14101081008067,0.12083943570256893
14101081009042,0.03472181322871299
14101081009044,0.04125204889592272
14101081010002,0.018853028855153824
14101081010003,0.07538997691686751
14101081010007,0.04250628965480611
14101081010008,0.064557229001446
14101081010029,0.024235184408704744
14101081010035,0.04921817957692422
14101081010036,0.049080399859450854
14101081010064,0.03754338956833629
14101081010071,0.03998185290954658
14101081010074,-0.12676571846066367
14101081010076,0.021296967968480712
14101081010077,-0.08449362243537255
14101081010101,0.027913193920984194
14101081011001,0.031895012570295624
14101081011014,0.04394553207807175
14101081011015,0.027686699613774856
14101081011041,0.03206797294979645
14101081011045,0.07414643418788816
14101091001003,0.028264146673791797
14101091001005,0.05537776048924199
14101091001006,0.08572667907637611
14101091001008,-0.01642115450449126
14101091001011,0.05212239368794049
14101091001012,0.027268799958681873
14101091001013,0.05131712463211266
14101091001015,0.05943226718393981
14101091001016,0.019679670846016666
14101091001019,0.032921552242022756
14101091001020,0.0489898405493366
14101091001021,0.04203554801053231
14101091001022,0.032565201976719305
14101091002001,0.045335553250595476
14101091002002,0.04516314790172202
14101091002003,0.057177336695918034
14101091002004,0.027372312684026956
14101091002007,0.03575290148475177
14101091002008,0.05593428604178193
14101091002010,0.028654437117987597
14101091002012,0.06784990038138708
14101091002013,0.092196271074007
14101091002015,0.01636875151146248
14101091002017,0.0406528384676555
14101091002018,0.052581142463914196
14101091002019,0.04830682861162335
14101091002020,0.06733415621980532
14101091002021,0.02758544757591416
14101091002022,0.04306779206484678
14101101001009,0.061663889004220554
14101101001013,0.05909189994235286
14101101001017,0.022749067742508535
14101101001025,0.038349166001389254
14101101001003,0.07933901497362174
14101101002005,0.07015814201625183
14101101002011,0.04727570620569075
14101101002014,0.06032401208003414
14101101002028,0.041841597091815994
14101101002029,0.045635975971820654
14101101002031,0.030130812657538072
14101101002036,0.07579586320774676
14101101003001,0.057673839803084326
14101101003004,0.09185672977772051
14101101003006,0.03441765213089748
14101101003009,0.049540065694620654
14101101003010,0.06231173151547886
14101161001011,0.07886123018199837
14101161001030,0.10363694833857139
14101161001003,0.04130240952529921
14101161001001,0.07651215493441496
14101011001007,0.09432259763786935
14101031001045,0.04056888258568613
14101011001002,0.06288886385618314
14101011001004,-0.1599566268989914
14101011001010,-0.031412466293136994
14101011001012,0.02301215579333769
14101011001013,0.011017697612682995
14101011001022,0.024825717180992857
14101011001026,0.08196327072912224
14101011001029,0.033040853141511645
14101011001030,0.02461871785940117
14101011001031,0.025463787339446136
14101011001036,0.04329694613330697
14101011001038,-0.0017460242998409252
14101011001039,0.055040367941693216
14101011001041,0.056878567018279494
14101011001043,0.1967177038641555
14101011001044,0.09881803294980508
14101011001045,0.12058709482714464
14101011001046,0.11522705117036601
14101011001047,0.05405510315315014
14101021001001,0.0631515004867936
14101021001004,0.10351289426501331
14101021001005,0.11644254323676857
14101021001012,0.09324612619059798
14101021001016,0.14241809951260614
14101021001019,0.1320347026601883
14101021001020,-0.00501953871517588
14101021001022,0.19021121637313612
14101021001023,0.08141331135722486
14101021001028,0.029747590434556218
14101021001032,0.10279381922027779
14101021001033,-0.02228742579892928
14101021001036,0.10629328611316363
14101021001037,-0.06369052349433957
14101021001039,0.12231937742678109
14101021001040,-0.05909130362213261
14101021001041,-0.02935214272168146
14101021001042,-0.008450381470630151
14101021001048,0.1263997495431228
14101021001049,0.14778148074376327
14101021001050,0.10549201005421166
14101021001052,-0.07281261126173293
14101021001053,0.06392067393698164
14101021001054,0.05298608104451961
14101021001055,0.10107561509145033
14101021001056,0.021422903822787394
14101021001058,0.08614845780767538
14101021001061,0.1736892715629685
14101021001062,0.06921558444369377
14101021001063,0.0625871170422355
14101021001065,-0.02548818730243013
14101021001066,0.11445650058401649
14101021001068,0.04148393944466156
14101021001069,0.005432681258056481
14101021001072,0.07041101259516017
14101021001073,0.023239673166639975
14101021001075,0.033403935667032654
14101021001076,0.17337393245676652
14101021001077,0.05758174130241678
14101021001080,0.0891069842197154
14101021001082,0.03185291522824435
14101021001083,0.05790236070088692
14101021001085,-0.07190050605379464
14101021001086,0.012723328356102926
14101021001087,-0.036444655181386114
14101021001088,0.13895243296891047
14101021001089,0.1306627834793237
14101021001090,-0.04852959753778438
14101021001092,0.010757156582265056
14101021001093,0.06465453442685762
14101021001096,0.21371220730918947
14101021001097,0.17828742807381104
14101021001098,-0.0025695190227191344
14101021001099,-0.027779573291403403
14101021001100,0.07776743715820432
14101021001115,0.13210648525016386
14101031001001,0.06465518372524219
14101031001007,-0.008966591914337749
14101031001010,-0.0095320078872716
14101031001011,-2.5562717601730904E-4
14101031001016,0.005135978828998974
14101031001017,0.03594703636227259
14101031001018,-0.04499200200103016
14101031001019,0.040626772413572876
14101031001022,0.09398450439435302
14101031001023,-0.011226853753667668
14101031001024,0.07005418370823797
14101031001026,-0.09291167309354355
14101031001027,-0.003188525207836013
14101031001031,0.0037321196607858426
14101031001032,0.009044751200686159
14101031001033,0.03701640374764251
14101031001034,-0.010778742185869845
14101031001036,0.02404409011337793
14101031001040,0.01290607047664425
14101031001041,-0.038979094961182154
14101031001043,0.043412711714331906
14101031001044,-0.043729090374859746
14101031001050,-0.02197807985811006
14101031001051,0.026144670294699586
14101031001053,0.06117098645855461
14101031001054,-0.012237751970556774
14101031001055,0.032397354000260906
14101031001056,0.005484710801374685
14101031001058,0.05141203330720725
14101031001060,0.04925464812610912
14101041001001,0.021108943310264663
14101041001013,0.09123188405868951
14101041001024,0.0380950305663258
14101041001033,0.056738712042422756
14101041002008,0.1854392792751696
14101041003018,0.10020926808890651
14101041003022,0.028791561519175533
14101041004002,0.04363640480041071
14101041004006,0.04194328793423487
14101041004007,0.10775552330312309
14101041004009,0.035254727786437075
14101041004012,0.025106848716109305
14101041004013,0.0453472009486839
14101041004020,0.02020234530155246
14101041004023,0.03494806843753714
14101041004024,0.13414046216817344
14101041005005,0.09098772788804982
14101041005006,0.17475492461507353
14101041005012,0.11073224099437261
14101041005013,0.16800452074048358
14101041005017,0.14246590733768982
14101041005021,0.10696790307420234
14101041005022,0.08748841004819195
14101041005023,0.02166349348094926
14101041005024,0.13164461642228578
14101041005026,0.12783470971644906
14101041005027,0.006664348425263925
14101041005028,0.059836598855208444
14101041005029,0.11306494115094745
14101041005030,0.11562775337457847
14101041005031,0.13046699541207646
14101041005032,0.12314193639680164
14101041005036,0.10744920113307901
14101041005039,0.1124567181556076
14101041005048,0.09599762198333094
14101041005049,0.057914212560548926
14101041005050,0.0882252185887468
14101041005054,0.04875831007477999
14101041005057,0.07792730673505578
14101041005060,0.03476625479590146
14101041005061,-0.002401220072049584
14101051001011,0.13950938595448392
14101051001012,0.12238813716231857
14101051001017,0.1595654001245746
14101051001018,0.08743466511780575
14101051001019,0.13475764729220915
14101051001023,0.05755781939600191
14101051001024,0.07289232764629572
14101051001025,0.1543554617549638
14101051001026,0.04626556248217513
14101051001028,0.12472317592050136
14101061001011,0.03876108708767782
14101051001029,0.19121051155404795
14101051001037,2.218906365402808E-4
14101051001039,0.15152791347452663
14101051001042,0.11517264251908792
14101051001052,0.2673489958402459
14101051001053,0.0866631802518245
14101051001058,0.08361859236369552
14101051001059,0.02747208003959164
14101051001065,0.08170211922434398
14101051001066,0.033102903152685124
14101051001071,-0.10033057425152031
14101051001072,-0.01543558013626185
14101051001073,0.05440234191917845
14101051001074,-0.059221009581707826
14101051001075,-0.13237565555082742
14101051001076,-0.022276906698737307
14101051002014,0.10813231367751872
14101051002017,-0.03709333603474492
14101051002023,0.028403374207426096
14101051002024,0.13117692092444477
14101051002034,0.13926133453378253
14101051002042,0.03663180284345928
14101051002043,0.1333311228512924
14101051002053,0.13509086197916848
14101051002061,0.06983644496753598
14101051002063,0.043236496160852844
14101051002064,0.014425161045040323
14101051002065,0.1583940662367175
14101051003017,0.09263585105666687
14101051003018,0.045518983403346376
14101051003030,0.10902461984201807
14101051003032,0.09853170366939215
14101051003037,0.1735082740410644
14101051003040,0.03543468208377553
14101051003044,0.06205785479016236
14101051003045,0.07286748084940411
14101051003047,0.11143776356455323
14101051003048,0.03448332289595959
14101051004003,0.053324115369576104
14101051004004,0.058008402777354466
14101051004005,0.021465689692083612
14101051004006,0.08266026444827988
14101051004008,0.008367343438784246
14101051005001,0.12358747717788036
14101051005010,0.10044160191535245
14101051005018,0.04234266681850385
14101051005020,0.16952684069776586
14101051005039,0.0013503350387296079
14101051005040,0.08056418085854447
14101051005043,0.05040420050801117
14101051005045,0.017223657691702362
14101051005046,0.09009075977034194
14101051005047,0.11332490649926168
14101061001004,0.041184330626676556
14101061001007,0.10172500402083251
14101061001016,0.056134837970494345
14101061001026,-0.02835246723241867
14101061001027,-0.06292575709277233
14101061001029,-0.26083911350817984
14101061001031,-0.02192483506540993
14101061001032,-0.011497760459664967
14101061001033,0.08735359440695814
14101061001034,0.09385522396033415
14101061001035,-0.12548163588964373
14101061001037,0.02780709912382682
14101061001038,-0.01176362104268805
14101061001042,0.04279247525137304
14101061001043,0.04026473143160603
14101061001046,0.15599631549525408
14101061001056,0.02601135998255856
14101061001057,0.1407120295655943
14101061001058,0.027737010971532125
14101061001060,-0.012830674661033352
14101061001061,0.06296184878500523
14101061001062,-0.15931474072438148
14101061001063,0.002143444223895172
14101061001064,0.03348361491437743
14101061002029,0.045597047750499095
14101061003006,0.0995210414903461
14101061003013,0.027267241940509335
14101061003028,0.022841033217977907
14101061003031,0.026425668524890467
14101061003032,0.0769074749496835
14101061003043,0.04506704570239583
14101061003046,-0.04034746964007474
14101061004026,0.2780577788908867
14101061004034,0.059972903819407904
14101061004037,0.061862191264053866
14101061004044,0.08632245588351327
14101061004045,0.056488552764623674
14101061005001,0.08051417060548692
14101061005005,0.06387219910358878
14101061005014,0.05222659024729369
14101061005026,0.1290325212975903
14101061005031,0.0795797623989555
14101061006001,-0.11385661435233713
14101061006002,-0.252098079794525
14101071001001,0.03743804950306648
14101071001002,0.1265842903286202
14101071001005,0.1256117661714398
14101071001007,0.13648945977652743
14101071001009,0.13027970170407707
14101071001010,0.017530162917246687
14101071001012,0.15308097992494255
14101071001013,0.023698993763562808
14101071001014,0.016704653481739475
14101071001017,-0.015038815059118813
14101071001018,0.03786283355864235
14101071001025,0.06068207255032157
14101071001027,0.0800358496163001
14101071001031,0.05580604344035128
14101071001032,0.04974622080251362
14101071001035,-0.06530810184076707
14101071001036,-0.005820788690921532
14101071001040,0.06399045215724518
14101071001042,0.07508285509975357
14101071001046,0.05934889803617647
14101071001050,0.10441793102834332
14101071001051,0.014619557056110778
14101071001054,0.16703834731657577
14101071001058,0.09859116759148415
14101071001059,0.10089662492806423
14101071001062,0.12359976692018104
14101071001066,0.09351916409736757
14101071001068,-0.010487365076995854
14101071001069,0.04037580536078614
14101071001071,0.19143466670098383
14101071001072,0.11580431248112352
14101071002002,0.10058489152391707
14101071002010,0.02149354084766909
14101071002012,0.10734172939238386
14101071002013,0.0931232000670723
14101071002021,0.12434389352920361
14101071002026,0.2243097539017036
14101071002032,-0.02389975723015647
14101071002034,0.02705900825464704
14101071002037,0.15154817950417004
14101071002048,0.10161633219972219
14101071002050,0.08741174752403695
14101071002060,-0.04506755727130218
14101071002062,-0.03175692214715536
14101071002064,0.05055283918604636
14101071002065,0.1418555103987752
14101071002066,0.0698159412260569
14101071003007,0.1666085280939878
14101071003019,0.06358929982620025
14101071003029,0.21156157257711314
14101071003030,0.031764499720331865
14101071003032,0.1070042458432847
14101071003033,0.002915106881841989
14101071003036,0.06047136429026088
14101071004006,0.17604292674817745
14101071004011,-0.03874765795859051
14101071004013,0.05701448378649498
14101071004019,-0.0802200722798289
14101071004022,0.05980695406533314
14101071004023,0.07008770025756725
14101071004024,0.04289952610979821
14101071005011,0.07805508612518297
14101071005013,0.15077299644333264
14101071005014,0.06218628064805624
14101071005016,0.145272691382056
14101071005021,0.036382601507670434
14101071005025,0.18988018358695524
14101071005030,0.1590985165018595
14101071005033,0.12880745414044403
14101071005040,0.14640742750040853
14101071005048,0.18594203786814115
14101071005051,0.1373417270619635
14101071005052,0.11717848412423847
14101071005053,0.06833255336173706
14101071005057,0.06746051381829556
14101071005058,0.26750713119457725
14101071005061,0.06921205812140685
14101071006002,-0.0029932941594915516
14101071006003,0.09116075943317933
14101071006015,0.07796394824196441
14101071006023,0.11292272291487576
14101071006024,0.19897906910216978
14101071006026,0.18149849457500486
14101071006028,0.05389072531412465
14101071006029,0.055955103903453825
14101071006034,0.0412750067550549
14101071006038,0.1951816205182095
14101071006050,0.13712920930182554
14101071006051,0.0580980968156267
14101071006055,0.1853715347661735
14101081001001,0.1717918918052873
14101081001002,0.13659486342711
14101081001003,0.14064998463472325
14101081001005,0.1132176144391983
14101081001007,0.1746567294741449
14101081001008,0.05206108205381552
14101081001011,0.09592202149251514
14101081001012,0.21540117398108166
14101081001013,0.1779628431462394
14101081001016,0.13495491321851363
14101081001020,0.12031514026065543
14101081001021,0.10834816723612185
14101081001027,0.09828974229618799
14101081001031,0.10610797987070267
14101081001033,0.12105424874989149
14101081001035,0.09977091920957486
14101081001042,0.08280714669141508
14101081001043,-0.054247773766547276
14101081001053,0.16094663271242896
14101081001062,0.16604674369331043
14101081001063,0.02681754841361634
14101081001065,0.10986613967145804
14101081001072,0.018465131545022537
14101081001073,0.1398185487195456
14101081001081,0.01580349441584156
14101081001083,0.04473752252922031
14101081001084,0.10716431251589573
14101081002007,0.08411985409174298
14101081002009,0.07908319012478845
14101081002011,0.08045896252862668
14101081002013,-0.003944131496135388
14101081002014,0.08119413047219853
14101081002019,0.15390730736631128
14101081002020,0.12202293887688248
14101081002023,0.11385783858732684
14101081002026,0.02852602799991329
14101081002027,-0.012927396702973106
14101081002028,0.07311117675197086
14101081002031,0.08864423735039519
14101081002032,0.06995708823667715
14101081002033,0.06788182812820508
14101081002034,0.16385603909146215
14101081002036,0.07181679085741269
14101081002037,0.11567414641618232
14101081002038,0.15573368935629048
14101081002040,0.027626001224076942
14101081002042,0.21839553082155572
14101081002043,-0.029224689485828854
14101081002044,0.10270100192479907
14101081002045,0.13823875550530032
14101081002046,0.12220119135606268
14101081003001,-0.004307541516652345
14101081003005,0.026606995936349728
14101081003007,0.14385521885746896
14101081003011,0.14753157112312523
14101081003015,0.03903253785080219
14101081003017,0.015203192582402884
14101081003021,0.1061371116348429
14101081003029,0.06360437827657665
14101081003034,0.05908750987573052
14101081003038,0.08509782990388139
14101081003040,0.21702281660358747
14101081003042,0.05307156746186223
14101081003047,0.05371636166326356
14101081003049,0.06935994141258624
14101081003052,0.04999786640706811
14101081003053,0.18250082030338097
14101081003054,0.007579433075591528
14101081003057,0.03804239182442636
14101081003059,0.17582744718417553
14101081003061,0.053296211411663734
14101081003062,0.08041641661461563
14101081003064,0.19180041613196358
14101081003067,0.15479146967766136
14101081003069,0.060012741642006553
14101081003071,0.016225172213574637
14101081003073,0.09449914626943516
14101081003074,0.17491924126349415
14101081003075,0.13179885720851275
14101081003077,0.11119355582421607
14101081003081,0.11212449233662473
14101081003083,0.10455319657791584
14101081003084,0.26950002413592505
14101081003087,0.16581342297192353
14101081003088,0.1389141265765485
14101081003090,0.05351535518123889
14101081004001,0.054966803475232945
14101081004002,0.01575704582854164
14101081004003,0.03762426609683711
14101081004005,0.0942915433599432
14101081004006,0.06812589363969808
14101081004007,0.02926719866618372
14101081004008,0.07445920512477988
14101081004010,0.0628761307581615
14101081004011,0.11125160485700143
14101081004024,0.0872295595870431
14101081004035,0.14185780325622202
14101081004057,0.11563193743190563
14101081004060,0.1723372013174713
14101081004069,0.09254377218115659
14101081004071,0.06811194866106245
14101081004073,0.1401234489564188
14101081004074,0.1323552052634138
14101081004075,0.09872817190986735
14101081004077,0.11102270154222725
14101081004078,0.21669082274509166
14101081004079,0.030275445091150464
14101081004080,0.05532785325845839
14101081005001,0.20754226668252707
14101081005003,0.12879606273014835
14101081005004,0.0806325078182964
14101081005014,0.04459707775720715
14101081005023,0.06257883182379556
14101081005024,0.14010263855938454
14101081005025,0.06525430102475706
14101081005026,0.2410213768297595
14101081005040,-0.10444425399461921
14101081006001,-0.022258653312517956
14101081006003,0.10060458255828365
14101081006004,0.11489435327728055
14101081006006,0.09834640082964699
14101081006007,0.05037719467590759
14101081006032,0.08361925918710536
14101081006033,0.04676802566591136
14101081006035,0.07883899619344661
14101081006038,0.038191896795039405
14101081006050,0.13011981514146917
14101081006055,0.044092143567386693
14101081006065,0.08460816636046188
14101081006068,0.15686734299624455
14101081006070,0.1350565293488393
14101081007018,0.04818967312363026
14101081007019,-0.014010080022601745
14101081008015,0.09125456360062376
14101081008016,0.07954419585345111
14101081008021,0.089355018771294
14101081008024,-0.007790187416805838
14101081008032,0.06876401271810434
14101081008036,0.22453349407357626
14101081008037,0.13297991289529915
14101081008064,0.10612825506684227
14101081008065,0.06630097090769736
14101081008068,0.07308255872829893
14101081009002,0.11269568835081951
14101081009007,0.14036900198688962
14101081009009,0.10844392416483571
14101081009011,0.17758114008722256
14101081009017,0.1852619071641166
14101081009025,0.15460510144009368
14101081009030,0.11261754035392844
14101081009032,0.08547339043940158
14101081009037,0.1426697691633208
14101081009039,0.13073885469660187
14101081009040,0.1353086487074745
14101081009043,0.11219729822444442
14101081009045,0.1934842298110329
14101081009046,0.08657641480891623
14101081010001,0.12053986226425796
14101081010005,0.2099089640915908
14101081010006,0.11073202405418403
14101081010009,0.18984084076322208
14101081010011,0.16943455504170332
14101081010012,0.10263889239747012
14101081010013,0.0501931966131908
14101081010024,0.09769970736774988
14101081010028,0.15533554198006358
14101081010032,0.07259171986218067
14101081010033,0.09669665125615627
14101081010039,0.14953413622198425
14101081010044,0.05192393514472627
14101081010060,0.07647539905731272
14101081010070,0.1219449787273892
14101081010072,0.15223063494649605
14101081010073,0.05233448030224228
14101081010075,0.06778145447602225
14101081010083,-0.20850494619166912
14101081010089,0.030387325707378916
14101081010094,0.1770632137779968
14101081010096,-0.030041024928704634
14101081010102,0.08573444737669188
14101081010107,0.22362602613094595
14101081011002,0.0791841526108466
14101081011003,0.16078234691166224
14101081011004,0.12470305518992601
14101081011005,0.10461436268696689
14101081011006,0.1162881708951476
14101081011007,0.040372117893249924
14101081011010,0.05085017802640212
14101081011012,0.025250846606496985
14101081011013,0.04546818178570939
14101081011016,0.13624125677078844
14101081011020,-0.031145047207385815
14101081011022,-4.613727696499693E-4
14101081011023,0.12042754409070441
14101081011024,0.23781170154502426
14101081011025,0.10303452487420817
14101081011029,0.1650131919050309
14101081011030,0.17320773877520715
14101081011035,0.11250926854005876
14101081011039,0.12609684715642575
14101081011040,0.15853642836113702
14101081011043,0.06827848932468462
14101081011044,0.0746638476551268
14101081011048,0.18465940945627685
14101081011049,0.02491061094041256
14101081011052,0.09078352116893629
14101081011055,0.1302435089685379
14101081011060,0.1494801107688976
14101081011061,0.17452059085695576
14101081011064,0.01687275520098582
14101081011072,0.03509425655818302
14101081011076,0.09422984443319694
14101091001014,0.036088531213059084
14101101001001,0.22002180966682772
14101101001002,0.011520794387793649
14101101001004,0.01743086439910214
14101101001007,0.0041660438717324505
14101101001008,0.014983017605946988
14101101001010,0.07828872290102404
14101101001019,0.11204806359518872
14101101001021,0.08033205920682956
14101101001022,0.03530558632927038
14101101001023,0.05751826963686432
14101101002001,0.06392171605412875
14101101002003,0.028814226239024594
14101101002007,0.058177699194422075
14101101002008,0.06533465536531663
14101101002012,0.035363057357776805
14101101002015,0.08243925713527599
14101101002021,0.03765874223877059
14101101002023,0.02266481749255237
14101101002030,0.05197867298028658
14101101003005,0.038789830964824065
14101101003012,0.09051434982862433
14101101003017,0.10264620292273573
14101101003026,0.07125831202255203
14101101003030,-0.022939286743189947
14101161001006,0.04448522994035605
14101161001008,0.04836205208959576
14101161001009,0.15160633227987033
14101161001010,0.09352783516862397
14101161001013,0.1731655561895896
14101161001015,-0.008067881520383001
14101161001016,0.12956108708946662
14101161001018,0.17756948294332592
14101161001020,0.10894749947731484
14101161001021,0.1486571956144368
14101161001023,-0.015043430441854761
14101161001024,0.03279898430904733
14101161001026,0.09853436931712889
14101161001027,-0.13761777654073223
14101161001028,0.03306063263701873
14101161001029,0.11536383667717734
14101161001031,0.048836827861835304
14101161001032,0.0027083303241645113
14101161001033,0.06314513786900158
14101161001034,0.031934985899053484
14101161001035,0.04148171454478855
14101161001036,0.003660208219079443
14101161001037,0.07123007532973649
14101161001038,0.0022929318318754507
14101161001039,0.06460056417692137
14101161001040,0.12800523035692976
14101161001041,0.14010555018952256
14101161001043,0.07672547020390218
14101161001044,0.08486060155084636
14101021001007,0.06494425535183547
14101021001015,0.0394852169197386
14101021001021,0.08421800870211191
14101021001029,0.028366577453120757
14101021001094,-0.38525131253385325
14101041001018,0.05786357034312014
14101041001021,0.0512146525549043
14101051002009,0.03355523215158802
14101051002055,0.045005922041267986
14101051004013,0.025126557419952525
14101061003026,0.02632825103677965
14101071002024,0.030360948353290815
14101071003011,0.06745859212059956
14101071005012,0.034807042015342196
14101071005049,0.04133496416186299
14101071005068,0.03227255880827054
14101071006001,0.014619892828801334
14101081001023,0.07334405804015497
14101081001038,0.08325148698204281
14101081002024,0.08296164677533881
14101081003027,0.044053115013091386
14101081003033,0.0795914325982041
14101081003039,0.041520652139653565
14101081003045,0.07727762555015075
14101081008045,0.1005770399693283
14101081011059,-0.00401437155428771
14101021001011,0.03728388664051373
14101021001045,0.08841686739696636
14101021001057,0.024671806196530387
14101021001113,0.057667039653921864
14101031001029,-0.009063306456027317
14101031001059,0.033925828515199
14101041001026,0.027570477299142394
14101041001028,0.03543895935651945
14101041005025,0.0852592927557002
14101051002026,0.03098469567115996
14101051002035,0.021540173934887386
14101051002048,0.04052514510804912
14101051002051,0.019666598557402517
14101051002059,0.006758188025263856
14101061002030,0.018506869595568166
14101061004028,0.022604798503897232
14101071002014,0.017099742946952247
14101071005037,0.04867147136885889
14101081001045,0.03952943714156912
14101081001067,0.08073378166209387
14101081002010,0.03804045341055224
14101081003024,0.06414922404357173
14101081005013,0.027398676729038663
14101081005015,0.05493911165261507
14101081005031,0.04771183428667504
14101081010056,0.09251368497341304
14101081010068,0.04386992820741239
14101081010097,0.03974875341843453
14101101001016,0.01641816868003755
14101101003020,0.0360136888497755
14101161001017,0.1528818775176595
14101161001019,0.10368917367060482
14101011001017,0.027170972004235534
14101021001027,0.06637449672529745
14101021001031,0.06939214347626003
14101021001104,0.047516680388414466
14101021001064,0.04728274525461786
14101031001021,0.007243654177386993
14101041001014,0.036280694666221365
14101041003011,0.045828320916520476
14101041005062,0.042781011825677895
14101051001021,0.04986159303767115
14101051001032,0.03573508230940459
14101051002021,0.0265315691765815
14101051002039,0.03796927192748596
14101051002056,0.004602375491438813
14101051003031,0.024120519781907775
14101051003033,0.051256281489783166
14101061001005,0.009577153238327895
14101061001018,0.036931810230780515
14101061002018,0.035847136010111226
14101061003025,-0.0054815600253636625
14101061004031,0.03665453845897657
14101071001003,0.08819239350590843
14101071001019,0.04693780668248926
14101071001021,0.042136260490995545
14101071002004,0.06495407004517716
14101071002044,0.062117451235267455
14101071002051,-0.010656195443875988
14101071003004,0.024247425435198026
14101071005050,0.0460317356827652
14101071005055,0.031125951068893855
14101071006047,0.019573533972805177
14101081001056,0.031150120596485583
14101081001079,-0.030256658557569274
14101081001082,0.013877014124006493
14101081002025,0.08026618676870377
14101081003023,0.04679128702704231
14101081003025,0.035264833676802304
14101081003065,0.07719774691039488
14101081004051,0.048464494213672805
14101081005030,0.08435950485055153
14101081005032,0.04490997895528482
14101081006028,0.03648755245557687
14101081006029,0.04983375802829251
14101081006041,0.013255297831454505
14101081008028,0.07020721856845706
14101081009003,0.05772706662861864
14101081009015,0.08208022195228902
14101081009020,0.09697329156230981
14101081009022,0.056541648666169037
14101081009056,0.0571065552524807
14101081010067,0.030883679070145838
14101081010082,-0.47930736207297997
14101081010087,-0.11708852525842209
14101081011038,0.018082873740047446
14101021001051,0.0353419301588136
14101021001071,0.08529534598953555
14101021001106,0.09700098493889169
14101041001034,5.567507446727233E-4
14101041001035,0.03999310963489852
14101041001036,0.029794964196263395
14101041005063,0.06737924052077332
14101051001013,0.013805062297014193
14101051001035,-0.0019814554485838194
14101051001040,0.15315376553375537
14101051002011,0.09565923762984475
14101051002028,0.027556155448904742
14101051002062,-0.0019394274887470464
14101051004014,0.09036155472470127
14101061001003,-0.01102759108579466
14101061001008,0.003849413683170145
14101061002004,-0.019178553208020914
14101061002024,0.045325931470626524
14101061002039,0.010911691064174056
14101061002041,0.0037637412784685687
14101061002008,0.09069256624448797
14101061004023,0.020987283306860716
14101071001061,0.013036363992014027
14101071001079,0.02515050734800642
14101071002005,0.03256595107935541
14101071002031,0.011349064871009158
14101071002035,-0.01677221142919391
14101071003009,0.029703006207313302
14101071006043,0.015529070056427218
14101071006045,0.03591598273161845
14101081001048,0.035927401133641824
14101081003014,0.09934246325799613
14101081003046,0.11622796169020892
14101081004058,0.026751369970811786
14101081006044,0.09199035023901649
14101081008004,0.02852944603736336
14101081008034,-0.007591897994631735
14101081009021,0.10350070303219407
14101081009041,0.06987973458656431
14101101002017,0.009111325863280463
14101101003024,0.1233351713143228
14101021001018,0.07062506444601406
14101021001047,0.0473116387922684
14101031001048,0.042412062776044014
14101041001023,0.043542800410321346
14101051001036,0.0315945116387538
14101051002060,0.03808574385776624
14101051002066,0.0388645830630432
14101051005024,0.016482362064837993
14101051005030,0.04422768265799598
14101061001013,0.017835752735917504
14101061002007,0.01860934418377111
14101061002032,0.06542066131794533
14101061005020,0.04131685014306734
14101061005033,0.015947212041194474
14101071001048,0.07207209920961834
14101071001053,0.027050742102842095
14101071001060,0.03530252184314758
14101071002017,0.03995848883194544
14101071003017,0.09128681146618131
14101071003021,0.026073603774367047
14101071005001,0.060015775317304065
14101071005020,0.035190430651390235
14101071006044,0.0330028996269587
14101081001028,0.03309585917124514
14101081003082,0.006103978989098289
14101081004049,0.10385788450899663
14101081005006,0.035658621399292705
14101081005009,0.040147185536706965
14101081005033,0.038662497237682225
14101081006002,0.07368737512820214
14101081006009,0.05589156977268867
14101081006030,0.007793946530933433
14101081006045,-0.004552105236243155
14101081006059,0.03607918691588965
14101081006062,-0.01582894636735991
14101081006064,0.0030299058877997715
14101081008060,0.020116983496658088
14101081009014,0.05325655451057391
14101081010048,0.09120614148113566
14101081010090,0.060176546094791186
14101081011056,0.046597655652393204
14101091002024,0.018257372994732794
14101101002013,0.10308410163059033
14101011001016,-0.036719327056554056
14101021001035,0.08180390911243418
14101031001015,0.009885260652347712
14101031001039,0.04281862713183082
14101041001009,0.07394703706876585
14101041001012,0.024887081208569126
14101041004010,0.020766453830539433
14101041005040,0.08557697966242299
14101051001033,-0.013428412517479992
14101051001034,-0.007662986359884496
14101051001048,0.09701096117938535
14101051002019,0.03150755412985832
14101051002057,0.006198491320406721
14101051003020,0.033212660689837865
14101051003024,0.0342258265478835
14101051003038,0.05557678879608509
14101051004009,0.028873888474899533
14101051005021,0.032954475341316763
14101051005032,-0.02373622427453628
14101061001040,0.08032213266405368
14101061001050,0.07186729792009859
14101061001054,0.041456659170468715
14101061002001,0.01275723848361322
14101061002002,0.05258632121424036
14101061002017,0.04509242491837476
14101061003050,0.0470933606256884
14101061005017,0.07127314301884179
14101061005023,0.022970075095035052
14101061005025,0.09438721707035379
14101061005032,0.044771586389616896
14101071001076,0.050568183361079405
14101071001077,0.03516624947098724
14101071001078,0.032520544947250846
14101071002041,0.012776500634818815
14101071002049,-0.021318174655678604
14101071002058,0.023135529640747075
14101071003012,0.037280785074608004
14101071003024,0.052036428510376626
14101071004001,0.029199663272065052
14101071005010,0.04994752109533502
14101081001006,0.06844004394948566
14101081003009,0.0338719919586642
14101081003028,0.05864394669034769
14101081004016,0.054546982385379125
14101081004019,0.017828954798931797
14101081004022,0.03170607328799888
14101081004038,0.0576583547170542
14101081004052,0.02543303199938483
14101081004062,0.01053775851076773
14101081005019,0.04295728297978422
14101081006018,0.05100956478485838
14101081006024,0.003004194722937322
14101081006025,0.039073532912884845
14101081006048,0.048558914766578865
14101081007015,0.06713284335715959
14101081008039,-0.015522981518025517
14101081010022,0.04583673446763472
14101081010066,0.03995290449783407
14101081010084,-0.02804987765385746
14101081010088,-0.01893639692648235
14101081010099,0.04370537726821278
14101081010108,-0.030433559659798503
14101081011051,0.04543956373559308
14101081011068,0.0513369630948997
14101091001002,0.022013715363412935
14101101002004,-9.559752405542326E-4
14101101002025,0.07120915513423194
14101101003028,0.048611933525998595
14101021001095,-0.41382991867720237
14101021001114,0.08092818712214017
14101041001015,0.05071085210265469
14101041001029,0.0391551795112021
14101041001031,0.022580485171199934
14101041004022,0.010434065322329366
14101041005007,0.054460106039050875
14101041005035,0.073447802582918
14101041005046,0.02243273465534359
14101051002013,0.04236696205737454
14101051003012,0.06334993093829736
14101051003013,0.024764429268103728
14101051003034,0.02811122735276891
14101061001006,0.04936358761786471
14101061001015,0.006588697292560953
14101061001019,0.07401354035100072
14101061001041,0.037904921712758735
14101061002003,0.0240074913761184
14101061002010,0.0417377423060886
14101061002019,0.05195704526982807
14101061002042,0.05829153285970695
14101061002043,0.04878413630035641
14101071002006,0.06972323246445938
14101071002029,0.05905914499259916
14101071002042,0.06583333446458128
14101071004007,0.05367387035715699
14101071005005,0.07553818453819047
14101071005017,0.06631282292359411
14101071005024,0.05914026962500993
14101071005028,0.03243308490642974
14101071005032,0.06556340774647565
14101071005059,0.23536848139642838
14101071006005,0.03138534583957212
14101071006019,0.1768359370385773
14101081001025,0.04650872819249551
14101081001051,0.022307937039981
14101081001052,0.012652189978108018
14101081002018,-0.007628875625202513
14101081004029,0.008715167443546971
14101081004046,0.049265340823677145
14101081004048,0.03793417542183416
14101081004059,0.018550695021065464
14101081004063,0.00542076933018054
14101081004072,0.009158187182857502
14101081005045,0.038338663353377364
14101081005046,0.05193785332546965
14101081005048,0.046688750110361533
14101081006008,0.01880578043098567
14101081006020,0.03779420057226747
14101081006022,0.0996296103675077
14101081006046,0.011416241767108724
14101081006056,-0.001327365787062978
14101081008008,0.021405363121511672
14101081008035,0.06252701100051632
14101081009001,0.05961312070235657
14101081009010,0.13197805823101935
14101081009012,0.06935120336586886
14101081009053,0.0727250072742738
14101081009055,0.0515344757871732
14101081010079,-0.4940401465207202
14101081011011,0.036683221480512465
14101091002014,0.05695367076075791
14101101001014,0.015021545157692062
14101161001042,0.1215993491436714
14101031001020,0.03730313604070865
14101041001008,0.01953619556137672
14101041001025,0.06227654645130601
14101041002001,0.03398906301460442
14101041003017,0.040431004837907424
14101041004004,0.05617828552528255
14101041005004,0.08641911062864509
14101041005052,0.10171003975156061
14101051001016,0.07395061769724676
14101051001027,0.04637161459683302
14101051001046,0.025091726670722913
14101051001049,0.19517742984389563
14101051001064,0.0790903925068147
14101051002003,0.03226520671897537
14101051002018,0.06079125984830227
14101051003021,0.03833859402735889
14101051003023,0.0019653608536432067
14101051003026,0.024985324449327658
14101051003029,-0.021464569949436837
14101051004010,0.04105066983982466
14101051005022,0.02808427182535505
14101051005035,0.013198463334819544
14101051005044,0.02171775378399918
14101061001014,0.008182919594619188
14101061001017,0.03889836239882605
14101061001023,0.022829027897942125
14101061002006,0.03464438541124541
14101061002016,0.0304340001317898
14101061002031,0.0076022768243096525
14101061002035,0.014530313472774503
14101061003012,0.028876052652183317
14101071002019,0.050325574290087036
14101071002033,0.03860861155568194
14101071004003,0.007829961382576285
14101071005029,0.06521504556193904
14101071006041,0.08632253531420174
14101071006049,0.041938068895409034
14101081001032,0.042541815996772175
14101081001054,0.008651975026540961
14101081001076,0.04314074588932827
14101081003010,0.05859272584509532
14101081003018,0.07007196434081615
14101081003032,0.08410306121027493
14101081004028,0.0477139586612517
14101081004034,0.0324595303291004
14101081004036,0.021273890636360093
14101081004037,0.06465890731805543
14101081004070,0.009953255236879037
14101081005017,0.061796468373882925
14101081005018,0.04528572168615821
14101081006027,0.017409868243721635
14101081006066,0.01808292400416142
14101081007014,0.004019345615963362
14101081009005,0.06482637917392436
14101081009034,0.007190651678449319
14101081009057,0.045771146368025345
14101081009060,0.056006126889794526
14101081010034,0.019125804312392882
14101081010054,0.0666109572843563
14101081010080,-0.39086670005675
14101081010091,0.07691965433046356
14101081010092,0.012666964363355855
14101081011026,0.12482349798840979
14101091001023,0.035523062863927035
14101101002019,0.06865717338125726
14101101002020,0.08066451737425624
14101101002034,0.07137855601568675
14101101003013,0.014728704518955837
14101161001025,0.13490090734148205
14101021001101,0.015244547726745956
14101031001003,0.01650699762769974
14101031001005,-0.0024709362367701846
14101031001038,-0.004501745789567702
14101041001017,0.01104253709468568
14101041001020,0.05167164883142399
14101041003006,0.027369682290523882
14101051001051,0.10773495067593669
14101051002049,0.05287813390869709
14101051003005,0.02858568127002855
14101051003006,0.026731185497972754
14101051003036,0.0020520221170155623
14101051005023,0.044613551848130734
14101051005026,0.0699154904981587
14101051005027,0.04754198817970999
14101051005028,0.0027068028583672873
14101061001002,0.024892823634454227
14101061001009,0.03267815504674404
14101061001025,0.012625839131231774
14101061001051,0.049691430592893306
14101061001053,0.05432877616383953
14101061002015,0.0060076393085985455
14101061002020,0.02304451685326732
14101061003008,0.0625729723855454
14101061003021,0.010570107060666795
14101071001004,0.012005295173454432
14101071001028,-0.03566776883091593
14101071001073,0.06455577105595925
14101071002015,0.042249201600981695
14101071002061,0.026021237009533616
14101071003013,0.05102751272648825
14101071003014,0.05936435759126555
14101071003022,0.07923272473293612
14101071005008,0.07221127213551859
14101071005036,0.05883526258439764
14101071005039,0.020980722422437342
14101081001049,0.03332834680133813
14101081001057,0.04182011377517549
14101081003002,0.04916797166248822
14101081003019,0.09141835780163747
14101081004015,0.037866787202978786
14101081004021,0.016940902597545743
14101081004039,0.03142961530663059
14101081004061,0.021705673934956926
14101081005005,0.04152194071197809
14101081005044,0.029705667741960064
14101081006015,8.3446181099033E-4
14101081006047,0.0766854503067074
14101081007012,0.02381446310015623
14101081008003,0.03890299734466577
14101081008026,0.11327143122924384
14101081008050,0.037162632388115076
14101081008055,0.03136253903711563
14101081009050,0.051603543007073566
14101081010078,-0.6155543413972434
14101081010081,-0.5819834181081102
14101081010085,-0.018724465100647743
14101081010086,0.015276430879091106
14101081010093,0.023218660804146973
14101081010105,0.058842895862719076
14101081011008,0.0499349949587491
14101081011027,0.04034785233460133
14101081011042,0.04154795103119826
14101091001018,0.008425068785646481
14101101001024,0.05162582342660408
14101101001018,0.11288984859448387
14101101003029,0.048367241402080915
14101011001011,0.04148877106137359
14101021001111,0.05560019671132805
14101041001030,0.04975715588357017
14101041004018,0.05121590890691471
14101041005020,0.04707011435311083
14101041005037,0.10529060079269537
14101041005051,0.10225489509409762
14101051001008,0.022793790136078476
14101051001014,0.04855325792016769
14101051001041,0.1476675960543971
14101051001068,0.02243886064131492
14101051002010,0.01568514665976228
14101051003008,0.018629367250519682
14101051003039,0.06047220162383499
14101051003046,0.03347715181184809
14101051005003,0.05994452557057505
14101051005017,0.033462192550858784
14101051005025,0.012834356345004964
14101061001024,0.046574866257057194
14101061001055,0.03530705951921364
14101061002036,0.04218747294365773
14101061002027,0.042279266584817246
14101061003009,0.05307009084258834
14101061003040,0.08973106643297482
14101061003044,0.04813919254482716
14101061004013,0.0759610096853364
14101061006007,0.05829702795553493
14101071001029,0.031082253487603552
14101071002067,0.011037503834105185
14101071004002,0.019889476975008345
14101071004005,4.894422913112889E-4
14101071004008,0.02460023310638999
14101071005003,0.025541824010535574
14101071005027,0.07032401364492455
14101071006020,0.09201360453415686
14101071006039,0.061126346425263045
14101071006052,0.004167341681063682
14101081001024,0.06359000561848073
14101081001071,0.059877883595495056
14101081001074,0.03586023349426245
14101081002002,0.0318513630595565
14101081003003,0.045499416603193316
14101081003013,0.011108614773908171
14101081003026,0.055059000038116375
14101081003044,0.10997736642119542
14101081004018,0.06231722184732215
14101081004043,0.06121713579636397
14101081005002,0.08907585813180414
14101081007025,0.02339590806616689
14101081009026,0.060812509629831014
14101081009048,0.043050457475471135
14101081009054,0.03612705683125298
14101081009062,0.016321516179699052
14101081010025,0.047869276049345856
14101081010062,0.09463098860091645
14101081010069,0.07118906663774933
14101091002023,0.016226440975839466
14101101002038,0.0598384018029619
14101101003027,0.0387038269710939
14101011001027,0.035817429677032574
14101011001021,0.019102563275665025
14101021001017,0.09325757236705466
14101041003012,0.09352713861568289
14101041003013,0.07273400426657267
14101041004019,0.020267310218781278
14101041005011,0.06646115767549557
14101041005038,0.050534125385192134
14101051002007,0.007703134567390988
14101051002032,0.04692266499959955
14101051003016,0.01266400842341958
14101051003022,0.027116679768573338
14101061001048,0.07055543271670306
14101061001049,0.06761584854472646
14101061002005,0.03488600388478831
14101061002022,0.010897448668618791
14101061002026,0.01774020446209366
14101061003045,0.03046293030716312
14101061004030,0.018974042218690937
14101061005034,0.09218318299736027
14101071001039,0.055025696708742536
14101071001074,0.07007133518508353
14101071002007,0.09751230759415459
14101071002047,0.0411742648624934
14101071002053,0.03626923743416185
14101071002055,0.032110346867028315
14101071003005,0.02620285211111325
14101071003008,0.032222198874127354
14101071003020,0.00933465108347401
14101071003028,0.03002757799226473
14101071003039,0.05976694246452141
14101071004009,0.020867576620932055
14101071005026,0.049150529690020504
14101071005043,0.07071761897365314
14101081001047,0.08829920053835996
14101081003006,0.05916688916448278
14101081003079,0.022948155623584772
14101081004045,0.018242684149487952
14101081004009,0.07977438826395179
14101081005037,0.06765749824600764
14101081005042,0.058853723489899826
14101081006052,0.006832539930700577
14101081007020,0.020183941237584806
14101081007022,0.03764138928551552
14101081008011,0.03812537203216314
14101081008029,0.050260005620471115
14101081008044,0.00396048077598767
14101081008052,0.043452731436594116
14101081009033,0.04906167770591662
14101081009061,0.08692190694252871
14101081010023,0.0406764316921307
14101081011047,0.03648590048479545
14101101002027,0.022667848164800306
14101011001033,0.020075276230340694
14101021001013,-7.738696945919419E-4
14101031001006,0.03561230803609351
14101041005009,0.0659090255779963
14101041005019,-0.0933900382938882
14101041005042,0.02326131883318673
14101051002020,0.03859075879764976
14101051003027,0.029724778608775305
14101051005042,0.022719235455718485
14101061001012,0.01587107903036897
14101061003001,0.0200027101735695
14101061003010,0.04596821565119181
14101061004006,0.06530786058573901
14101071001041,0.02496709134841516
14101071001044,0.042247183936622835
14101071001067,0.014684727366441136
14101071002038,0.013474570224805364
14101071002056,0.04158114053203852
14101071003031,0.03296654602515359
14101071003037,0.022529913917101085
14101071004004,0.01650695186278738
14101071004012,0.018009370771468847
14101071005045,0.04112829559416004
14101071005070,0.03604040247766096
14101081001030,0.027705482139656994
14101081001068,0.06793044943691184
14101081001069,0.03919131558681207
14101081002041,0.08650529164805981
14101081003012,0.040165739182621986
14101081003078,0.04974474711632234
14101081004023,0.035578592232458114
14101081005021,0.07750853276718186
14101081006049,0.015119851422631564
14101081008057,0.04038985513118952
14101081008066,0.03513603590783902
14101081009024,0.09033410441735168
14101081009038,0.0651156135630556
14101081010015,0.05131991633598295
14101081010047,0.08688432808224125
14101081010049,0.050568845191071375
14101081010052,0.0863975202119707
14101091001007,0.005864355590365435
14101101003021,0.06776265416612465
14101101003031,0.05808495545564621
14101041002003,0.016370709915441116
14101041005043,0.03651987820022626
14101041005045,0.054680943729535574
14101051001043,0.11232532952617047
14101051001045,0.09479040692186917
14101051001047,0.12367918707181316
14101051002046,0.06607853341615742
14101061001020,-0.013730198985229427
14101061002033,0.029066469401663093
14101061002034,0.02738715090698297
14101061002038,0.025546287037275715
14101061003014,0.01608178614839996
14101061003048,0.0330129240109554
14101071001070,-0.009966850559690727
14101071002040,0.04627209238523649
14101071002052,0.03373001230763708
14101071005038,0.04020547857290064
14101071006025,0.07061941545480888
14101081001037,0.029848368867250997
14101081001050,0.056343417358850574
14101081003020,0.0353228237914182
14101081003048,0.0316831221291653
14101081003056,0.025847567839006116
14101081003076,0.027238668237460305
14101081006061,0.003621963892389887
14101081008047,0.021057498742008168
14101081008053,0.04654090349120966
14101081009027,0.070382324012129
14101081009028,0.022755069229564266
14101081009049,0.07204239633856223
14101081010004,0.08683469589401643
14101081010016,0.0654585386411782
14101081010051,0.08713137602179559
14101081010100,-7.989784925970575E-4
14101081011034,0.09202017483114706
14101081011036,0.029470661307828144
14101101002006,0.04471863700794696
14101101002010,0.08007115160843448
14101101003003,0.07890393874791471
14101101003018,0.044081293900623084
14101011001020,0.012666501436556248
14101021001109,0.08247850855760762
14101041001011,0.027206489789443455
14101041005041,0.050246510775468184
14101051002005,0.035828664435854446
14101051003004,0.03279595037185502
14101051003035,0.022528972305850443
14101051005002,0.09688941847698393
14101051005006,0.021848294738911863
14101051005014,0.015861796112395795
14101061002011,0.015380943836811746
14101061002021,0.013926012088092734
14101061002023,0.04378775044499951
14101061003019,0.029180273180786448
14101061003034,0.035360321428804194
14101061003038,0.013902086108922133
14101061003041,0.04737824588117426
14101061003016,0.03237722929376065
14101061004020,0.0506310407768327
14101061004035,0.025327764708364675
14101061005022,0.028615952877099584
14101071001038,0.018257870760343402
14101071001045,0.00335613435600989
14101071001064,0.009225972445417029
14101071001075,0.03446602470977661
14101071002003,0.02758175870071373
14101071002028,0.06241818894137894
14101071002030,-0.02799813826826762
14101071002054,0.05908517791372616
14101071003016,0.040671441642681924
14101071003023,0.019260356650173983
14101071004010,0.023587567338126926
14101071005063,0.08644308366976912
14101071006004,0.02462580924330727
14101071006056,0.01001561956311598
14101081001070,0.03327267977100307
14101081003016,0.05069401405779308
14101081007021,6.820276521959616E-4
14101081009035,0.053239959931338114
14101081010019,0.07450337000061141
14101081010026,0.03946546726117397
14101081010059,0.1526919327963067
14101081010106,0.07169368161184655
14101081011018,0.018949223096987003
14101081011021,0.04994790432407703
14101101003019,0.032474023382498884
14101011001003,0.019134963561068592
14101041001016,0.04592255854718277
14101041004003,0.006844269534154073
14101041004014,0.009950426349239355
14101041004017,0.016999404108707088
14101041005053,0.07961500516355836
14101051001020,0.043755238008828905
14101051002022,0.007897864439921054
14101061003027,0.024279598116248018
14101061005010,0.024338013487320245
14101061005019,0.010757485446744059
14101061005035,0.019213418711033815
14101071002023,0.03704077035131482
14101071002025,-0.043206422763470594
14101071003018,0.033870557935392585
14101071003026,0.04244722849089528
14101071005041,0.10127112426923987
14101071005047,0.0857135755158014
14101081001044,0.004912098626535803
14101081001064,0.0314612656170094
14101081001075,0.06397189698221802
14101081002016,0.08930914987620361
14101081003036,0.05574783720872252
14101081004053,0.053402053165308855
14101081004065,0.05600396839305648
14101081005007,0.056343581721563916
14101081005022,0.06293656925009634
14101081005043,0.04804595841282965
14101081006012,0.07160967809607036
14101081006054,0.033473232807422655
14101081006069,0.07233690170078426
14101081008014,0.025563277344875575
14101081009006,0.10156175495494697
14101081009051,0.05475872371553845
14101081010021,0.0014331592238879245
14101081010061,0.06855050162764126
14101101002037,0.17386946364552275
14101021001025,0.06882454136397352
14101031001004,0.006937773464997655
14101041001032,0.0297691014150494
14101041004025,0.01608683423833149
14101041005044,0.03134430720152039
14101051001015,0.03319949608285434
14101051003010,0.009699806126135198
14101051003011,0.02894895126976453
14101051003042,0.012823487549011898
14101061003003,0.020765733919011903
14101061004012,0.020249607782169252
14101061005016,-0.003942056293075882
14101061005027,0.04111275284757585
14101061005030,0.01781575571536349
14101071002016,0.047761599846211734
14101071002018,0.04204411614230196
14101071002039,0.030345085615049956
14101071002046,0.025677940117417482
14101071003010,0.02511002472669441
14101071003034,0.029086210292581596
14101071005009,0.05600932230626964
14101071006036,0.06646425447409096
14101081001061,0.03245529100077548
14101081003041,0.07658835307029013
14101081003051,0.07557244489144295
14101081003072,0.05000713714855834
14101081004055,0.05148460769822237
14101081004076,0.06694633684818181
14101081005035,0.06391995093018496
14101081006036,0.03336492027233551
14101081006051,0.04489782984981239
14101081006060,-0.01660488439116737
14101081008019,0.01208171271317203
14101081008061,0.017432672946925434
14101081008063,0.013753150365390761
14101081009018,0.07592542111580207
14101081011058,0.0524012174236424
14101091002011,0.02938050845172449
14101101001012,0.03242535895029097
14101101003011,0.04574350443137158
14101011001001,0.03296219430348209
14101031001046,-0.10642200711879439
14101041001005,0.005057937580601525
14101041004011,0.03299455283600267
14101041005008,0.058481019456325854
14101041005055,0.0394982683945984
14101041005058,0.0636993568889565
14101051005004,0.05525876499987919
14101051005007,0.03201142575873478
14101051005011,8.206822351301044E-4
14101061001028,0.05459590133088401
14101061003037,0.017284940433793763
14101061004004,0.04395642430962926
14101061004019,0.03983687131268495
14101061005008,0.01921965964852983
14101061005021,0.02904982795044755
14101061005024,0.012102703247789953
14101071002011,0.04513029695227781
14101071002036,0.003900768480408682
14101071003006,0.036078340248182635
14101071005031,0.04649656276600586
14101071006033,0.047039370201452546
14101071006048,0.03442313224671228
14101081001040,0.038045184766332896
14101081001077,0.025031506091107044
14101081001078,-3.2551216368127884E-4
14101081003008,0.08183581509540169
14101081005038,0.0692090651262135
14101081007017,0.051087236389504076
14101081008030,0.03609665365497574
14101081010030,0.030269864712474427
14101081010037,0.04250945676584861
14101081011031,0.04664573007668227
14101081011065,0.061104922023876775
14101081011073,0.046079085305648394
14101021001014,0.05565936278044249
14101041005056,0.04587954295114466
14101051001030,0.05035991343666669
14101051005038,0.015373143040253797
14101051005015,0.07218871016057798
14101061002040,0.027943711035096262
14101061003002,0.0490496550916338
14101061003004,0.036485575243581994
14101061003033,0.05667497632078803
14101061003039,-0.0036637755516174867
14101061004003,0.04761675011933169
14101061004007,0.010807197417616222
14101061004010,0.03412377731018124
14101061004022,0.024965519822833467
14101061004029,0.029543501391721974
14101061005002,0.031916729448851044
14101061005003,0.023504986350573992
14101071001037,0.01129206353387126
14101071001049,0.049067056731179254
14101071002059,0.04844548734998798
14101071006009,0.0013371995650958096
14101071006031,0.032859798612377096
14101071006046,0.034324451508207
14101081001066,0.0590526519946188
14101081003055,0.06540682854647656
14101081005020,0.03761312725290181
14101081007001,0.0190562471255943
14101081008013,0.024466961970812454
14101081008017,0.03731310633757057
14101081008048,0.03160933576581937
14101081008051,0.014143243723782496
14101081008054,0.03217572851970018
14101081008058,0.021751888686387295
14101081009008,0.07388418220761375
14101081009016,0.04746482463988752
14101081009019,0.07260362399790667
14101081009031,0.06442936196756562
14101081010014,0.013764777371327972
14101081010065,0.07164255026550444
14101081011054,0.06899495296708183
14101081011063,0.032467136596431724
14101081011067,0.05112848283375154
14101081011069,0.04503393231568848
14101081011071,0.046892512485564274
14101101002022,0.05179030137786946
14101051002002,0.0031235766316985623
14101051003014,0.002028610508264503
14101051003015,-0.023232168590261844
14101061002025,0.05357353395578692
14101061003005,0.028301390522969302
14101061003015,0.007844129168105377
14101061003018,0.04306426292138147
14101061003029,0.04027396551209142
14101061003035,0.025439308789354954
14101061003049,0.05594543805948359
14101061004005,0.027235430405910182
14101061005004,0.01729161501947553
14101061005007,0.042120109674287656
14101061005015,0.01898381615119393
14101071002008,0.025704787605128367
14101071002043,0.04728712674042934
14101071006040,0.037389222453919124
14101081001029,0.0878344357661543
14101081001059,0.06329216083569278
14101081003031,0.04619448275729228
14101081003035,0.052525067598558704
14101081003043,0.07945132066656169
14101081005008,0.05875218622818748
14101081006023,0.01908795560623227
14101081006037,0.030451510293184405
14101081006057,0.006572263016809826
14101081007024,0.006652658925068381
14101081007027,0.04384278585541561
14101081008010,0.032857606333676466
14101081008046,0.022587061024209137
14101081008059,0.018174362706217334
14101081009052,0.07473250143493552
14101081011053,0.051473453910228596
14101081011057,0.056572014218646605
14101101002009,0.027916266215082034
14101101002026,4.599676422742672E-4
14101011001023,0.028536132874879112
14101021001110,0.06555086135190553
14101041003001,0.05561796597882588
14101041003016,0.04762259723963121
14101041005034,0.038268773714005534
14101041005059,0.01703048817322833
14101051003009,-0.005095737648552753
14101051004011,0.07044969711268591
14101051004015,-0.09741092080572174
14101051005033,0.07157389448314844
14101051005037,0.05416228695593067
14101061002012,0.004698819256165017
14101061003007,0.042928664793563186
14101061003022,-0.002983768878378192
14101061004008,0.03940098632705763
14101061004025,0.04753683647019466
14101061005013,0.035067919081768456
14101061005028,0.0514584869882983
14101071001047,0.033688605674270844
14101071002022,0.011181189134449035
14101071002063,-0.005808004633871773
14101081001014,0.04133140822394663
14101081004066,-0.011064311803096557
14101081005036,0.04318109383552381
14101081006026,0.031989311747452766
14101081006058,0.039422927777583466
14101081008005,0.023262428993364163
14101081008023,0.039416016737046124
14101081008043,0.032632622278038745
14101081009013,0.03224335114448503
14101081009023,0.04455709044784348
14101081010018,0.03429298114936033
14101081011066,0.04510812984150567
14101101002016,0.09219578847330519
14101101003016,0.05741323914398052
14101051001022,0.026741394744716627
14101051004012,0.0204703780186471
14101051005012,0.013558529568682181
14101061004015,0.04877209596526924
14101061004042,0.04642347467821961
14101061005009,0.002239009150489686
14101061006008,0.06367823999652553
14101071002027,0.05132158754856039
14101071003015,-0.03443384518596375
14101071003035,0.041385113246486055
14101071005006,0.02733016515848408
14101071005019,0.08546864811288563
14101071006008,0.01823699371237197
14101071006011,0.016963541111440873
14101081003058,0.11262315303640558
14101081004042,0.013718887918489065
14101081004047,0.020151249096546916
14101081004064,0.049596584571718186
14101081005012,0.04319157928171246
14101081005034,0.012645423474685504
14101081006021,0.018397971298227477
14101081006043,0.02164119460998939
14101081007030,0.033672680048511434
14101081008056,0.032039822794671234
14101081010020,0.03414849137339362
14101081010042,0.03335472964850468
14101081010046,0.11688141078761036
14101081010050,0.08105209177421592
14101081011033,0.04106564684939507
14101081011062,0.03196394601744042
14101081011074,0.05080089955889265
14101081011075,0.03661720328902713
14101101001005,0.055715040172343064
14101101001011,0.03124181521481605
14101101002035,0.05843121413099537
14101031001009,0.01914627958967728
14101051003007,0.01926469678343076
14101061001022,1.744778775270988E-4
14101061003036,0.040718362693817255
14101061004011,0.03997916753016799
14101061004014,0.013777075885635986
14101071003003,0.04632893314205132
14101071003025,0.012360725673796855
14101071004025,0.04973727012493529
14101071005023,0.038838844747765215
14101071006006,0.02567203406486404
14101071006012,0.002246702125008625
14101081001009,0.11238570916194116
14101081001058,0.06787002427311954
14101081001080,0.034663991510503804
14101081003086,0.03104923529870644
14101081004026,0.016412177618299554
14101081004027,0.0530892667294769
14101081005011,0.07029612586041317
14101081006031,0.008038110195381882
14101081008022,0.052587994566666824
14101081010038,0.08106330608456258
14101081010053,0.1526670970089306
14101081010057,0.13941436253347372
14101081011046,0.04053999250686738
14101021001043,0.014460267454472282
14101051005008,0.051305767869032015
14101051005013,0.046526891131951104
14101061004039,0.015194879049975149
14101071004016,0.06703529632780499
14101071005056,0.08909215371473804
14101071006021,0.06448493342101026
14101071006022,0.04959683045794233
14101071006032,0.054440396643179595
14101081001039,0.06074212086939951
14101081001060,0.054579106725126
14101081005028,0.07051493895809664
14101081006011,-0.016556150805217645
14101081006040,-0.008006692591279752
14101081008025,0.04269908386649186
14101081010045,0.06868808619698291
14101091001009,0.003772130242754324
14101101001027,0.06651760663761777
14101021001103,-0.017128679348748812
14101041001007,0.011091091509359047
14101051004002,0.061765718197333876
14101051005036,0.010109162315337093
14101071001033,-0.00151056813096507
14101071006016,0.05889076671391135
14101071006018,0.04008488837780443
14101071006042,0.037070698371686785
14101081001026,0.05594586256206186
14101081003030,0.0734922020277191
14101081003050,0.04917054868474981
14101081004020,0.05125751110759484
14101081004031,0.016615691967449518
14101081004067,0.045715966401224814
14101081005010,0.05200085253513301
14101081007029,0.01229107812362671
14101081008020,0.018517090982961712
14101081008033,0.03566095558429204
14101081008042,0.002795873052880887
14101081008062,0.149122252757017
14101081010043,0.066878875060415
14101081010095,-0.0026773497174246053
14101081011017,0.0494999531232028
14101081011037,0.06667406256856723
14101091001024,0.03772150546901892
14101091002005,-0.009293390406295754
14101101002024,0.03395061695728604
14101101003022,0.022041580852443978
14101021001044,0.05761569999330099
14101021001105,0.049671879696389
14101041002006,0.040758661292313
14101051005031,0.03241531173322573
14101061004033,0.017614498539759986
14101071001006,0.04598266360850011
14101071001030,0.0316809524165198
14101071002045,-0.09763191400751797
14101071004018,0.04437786477674227
14101071004020,0.025758008164260656
14101071004021,0.025387687894420148
14101071004027,0.058656852872701774
14101081004032,0.006244126249095584
14101081004033,0.008514542644001961
14101081004054,0.015808979162156477
14101081005027,0.02507253730968348
14101081006010,0.020583890451674105
14101081008006,0.009028577963882206
14101081008007,0.015426872890810319
14101081009059,0.0437310933447431
14101081011050,0.041472984360130104
14101101001015,0.057283845873357706
14101101003014,0.04194706157045773
14101051001070,0.0546490518122362
14101061003047,0.025587273946488836
14101061004018,0.02361444258385054
14101061004032,0.035317145271103384
14101061005036,0.036487236613571866
14101071005066,0.07075886203525814
14101071006014,0.04656994818722509
14101071006035,0.02538868755439328
14101081001034,0.09660586002448093
14101081003085,0.034164889109403934
14101081004025,0.02121136044827315
14101081004041,0.011483277349339899
14101081004044,0.009893033541459737
14101081004050,0.02300473691776812
14101081006016,0.013633308747130835
14101081009047,0.007152568858471124
14101101003008,0.03936682245161875
14101041001002,0.043518121925400347
14101041004005,0.021395265789377053
14101051005034,0.029548249939921202
14101071001056,0.00866801170302157
14101071004017,0.05037021132341098
14101071005004,0.019730477401229952
14101071006037,0.03156395861125102
14101071006053,0.03384115808254993
14101081004012,0.05194975765413575
14101081004013,0.02996924186940417
14101081005039,0.02542638421582191
14101081006042,0.009919770544104214
14101081010027,0.034855216347686735
14101091001010,0.026405665517658213
14101061002013,0.014096959053602512
14101071006054,0.06433344049038249
14101081003068,0.08047482708967003
14101081004014,0.01283318211605312
14101081004056,0.03347346216173356
14101081010040,0.0217283723734149
14101091002009,0.0671595949975149
14101101001020,0.035260957338726216
14101101003007,0.07289666780653839
14101011001018,0.029752183814134168
14101021001078,0.053307998429755706
14101071002020,0.05277956502841413
14101071006030,0.04992688702639191
14101081006013,0.017348673813277274
14101081006014,0.023638297982320658
14101081006039,0.03141294921924241
14101081007013,0.029087770781693657
14101081008002,0.04114648132161385
14101091001004,0.004194209919349818
14101091002016,0.025502218961381024
14101101002032,0.05202494548927528
14101011001015,0.013057387335904485
14101021001010,0.03519110674488468
14101021001046,0.08529012203187211
14101031001012,0.01142550022972583
14101041005047,0.049783841342479186
14101061003011,0.08219062686115083
14101071001065,0.05884654812583468
14101071005042,0.09260485624749248
14101071005046,0.07635817374168126
14101101002018,0.03236159010515133
14101021001074,0.02185390331845928
14101041003009,0.06298281300023201
14101041003019,0.033564488913630196
14101051003043,0.06336218387680603
14101061004036,0.03116103146710166
14101071004015,0.034244005493330794
14101071005022,0.046434462213672825
14101071006010,0.0649774023777746
14101081003060,0.07077626338736878
14101081006017,0.033237388935379725
14101081006019,0.019179146487923817
14101081008009,0.03177316567078768
14101081010017,0.01887012136954605
14101081010063,0.04358497932560456
14101021001102,0.01965764130955972
14101021001107,0.04746874701018442
14101041005016,0.02949575492833436
14101051003002,0.03179425290345946
14101061003042,0.09806628030013466
14101061004021,0.039780856891708474
14101061005018,0.021437508656683577
14101071005062,0.05588236642153156
14101071006017,0.012975808116036616
14101081004030,0.0061226085364640415
14101051003028,0.04609188758575009
14101051005029,0.040501045003041164
14101071001022,0.0571425815729855
14101071001024,0.022282852646398826
14101081008012,0.039358238582231565
14101081009004,0.0651819333029812
14101081010010,0.04516579399087638
14101081010031,0.030426677345794517
14101081010041,0.0363080125004672
14101081010055,0.11017718881600258
14101081011032,0.03746471527530719
14101091001017,-0.001447326710274289
14101091002006,0.030450917397869714
14101101003002,0.05926063866750103
14101031001057,0.009906855916805537
14101041002002,0.01043701636543346
14101051001007,0.04532106438031458
14101051001031,-0.004951750938633246
14101051001044,0.05448030994826454
14101051001055,0.017339507205386944
14101051001069,0.031397642641518765
14101051002030,0.027044170109552366
14101051002006,0.08396067854464918
14101061001030,0.002181727130765874
14101061001010,0.08462501319303967
14101061002014,0.05585206715671405
14101061003024,-0.12837608211434143
14101061005011,0.03015322257991999
14101071005044,0.12243301363899917
14101101003025,0.04075855909625815
14101021001067,0.0809733799569663
14101041003004,0.011099607081272124
14101061004038,0.04199543117660955
14101061004041,0.027750364532312714
14101071003001,0.010605370837864699
14101071006027,0.09529106395563545
14101081001018,0.08898206553844332
14101081002006,0.03093351777117157
14101081007004,0.007260019973134056
14101081009029,0.055785609448201115
14101081009036,0.0612461418117073
14101161001012,0.11317114638301261
14101011001025,-0.06965434249412848
14101021001030,0.14051531615564503
14101031001052,0.04164910109704213
14101031001035,0.024239654565472286
14101031001030,-0.007140746268571129
14101041002010,0.06652555607980495
14101051001006,0.06064335419887896
14101051001050,0.14702612605809096
14101051001054,0.038545796392306896
14101051001060,-0.01838202052148047
14101051002025,-0.0037985209833233716
14101051002040,0.015592003402498118
14101051002052,0.03303619035329561
14101051002054,0.02432928306268673
14101051005009,0.09800483482513203
14101061003023,0.17755540484343038
14101081002048,0.04749837549055962
14101081008041,0.018271069589403856
14101091001001,0.03677162205675662
14101101002033,0.1025805393755823
14101021001026,0.13699484458512637
14101021001003,0.045116404847429105
14101041002009,-0.1731689865902985
14101041003020,-0.025598380943333134
14101051001009,0.018166671576101384
14101051001056,0.08772678356306056
14101051002041,0.008435631187655621
14101051002050,0.008777320093190932
14101051003025,0.04780703199997335
14101061004027,0.06415062994524871
14101081001010,0.09126039984197766
14101081003066,0.09630133312430394
14101081008031,0.09689584663543618
14101081011070,0.07808176701263977
14101161001014,0.05631639902813525
14101011001032,0.001847639424214908
14101011001008,0.0117964026877548
14101021001009,0.07084560098034483
14101021001038,0.035723563098952166
14101041004015,0.09540292624816647
14101041005003,0.04863458695316168
14101051001003,0.02813461685893174
14101051002031,0.015046784762898242
14101051002033,0.055220743977670184
14101051002044,0.03814185996591198
14101051002047,0.05219584680615078
14101051002012,-0.028320292506515774
14101051002016,0.09941584684236367
14101061002037,-0.021613163014912836
14101061003017,0.07196939093554648
14101061005029,0.11456999327021153
14101061006004,0.04871195399178559
14101061006005,0.08269420502219704
14101071001052,0.07590276053530427
14101071001057,0.03527388718348579
14101071005060,0.039430565147534805
14101081002008,0.12616195260684904
14101081002012,0.028273650608714774
14101081002022,0.06252063726857503
14101081002047,0.009112074926156177
14101081003022,0.03411330793998102
14101081006053,0.034274590799103076
14101081006067,0.07271964309438007
14101081008038,0.15073920388842546
14101081008040,0.09250766470563292
14101081010098,0.07673557214648874
14101101002002,-0.011414852053555085
14101161001007,-0.024928836151495732
14101011001006,-0.005515079471641873
14101021001008,0.07320127896411928
14101041001019,0.0624542577782698
14101041001027,0.028788880522809025
14101041001037,0.022296695653891994
14101051001038,0.011013480775563503
14101051001004,0.01157483763095943
14101051002004,0.04865451116458309
14101051002027,0.07185265042435658
14101051002037,0.017202111600999635
14101051002029,0.07270503476343987
14101061004001,0.07944797240536473
14101071001020,0.007299150273363905
14101071001034,0.01618634189617725
14101071002009,0.010812185943379099
14101071005065,0.07316797485453441
14101081003070,0.014141207188397937
14101081004068,0.05305206239819975
14101081009058,0.05302415218518542
14101081010058,0.24224219904164168
14101081010104,0.07365868998779125
14101081011009,0.036268886502810856
14101081011019,0.05376816169639783
14101091002025,0.0033933627608282494
14101161001002,0.053798456194153826
14101053186006,0.15081100488346744
14101053186012,0.12120888943299947
14101053186007,0.171119111033907
14101053186008,0.021021455907544905
14101053186005,0.06686038660703855
14101053186003,0.03911727835721135
14101053186001,0.17005487170160516
14101053186002,0.021397506428647083
14101053186010,0.06033845240892711
14101053186009,0.029048301407576742
14101053186004,0.036807853495691586
